id	first_name	last_name	email	gender	ip_address	한글
2023.3.30	Gus	Shadbolt	gshadbolt0@mit.edu	Female	49.167.8.108	한글
2023.11.20	Gabie	Ronisch	gronisch1@google.de	Male	49.138.222.186	한글
2023.8.28	Cam	Tatersale	ctatersale2@netlog.com	Male	129.124.54.16	한글
2023.8.8	Ruben	Matchett	rmatchett3@php.net	Male	9.239.75.146	한글
2023.12.9	Cecilia	Casassa	ccasassa4@free.fr	Female	194.18.2.138	한글
2023.7.20	Gerianna	Gaughan	ggaughan5@arizona.edu	Female	220.245.114.196	한글
2023.9.30	Valentina	Hurring	vhurring6@vk.com	Female	37.181.171.53	한글
2023.12.11	Catlin	Brittan	cbrittan7@aol.com	Genderqueer	20.231.92.21	한글
2023.9.6	Jourdan	Spuffard	jspuffard8@blogger.com	Female	179.186.97.47	한글
2023.4.16	Maureen	Harmer	mharmer9@unicef.org	Non-binary	75.115.128.101	한글
2023.5.19	Miller	Provost	mprovosta@fda.gov	Male	74.64.207.159	한글
2023.4.30	Corene	Aven	cavenb@technorati.com	Female	66.132.182.91	한글
2023.12.31	Ignazio	Phython	iphythonc@nationalgeographic.com	Male	211.9.81.119	한글
2023.9.9	Cort	Pietersen	cpietersend@sakura.ne.jp	Male	205.219.79.61	한글
2023.7.7	Shalom	Chrestien	schrestiene@google.de	Male	79.98.157.122	한글
2023.4.12	Jeanna	Eggerton	jeggertonf@vimeo.com	Female	189.95.211.130	한글
2023.10.2	Max	Folonin	mfoloning@phoca.cz	Female	100.140.183.87	한글
2023.8.5	Brinn	Forrestor	bforrestorh@lycos.com	Female	246.228.92.186	한글
2023.6.14	Georgi	Walsh	gwalshi@imgur.com	Male	201.48.225.0	한글
2023.10.31	Scarface	Bownd	sbowndj@barnesandnoble.com	Male	8.219.99.66	한글
2023.4.2	Demetre	Cubbino	dcubbinok@redcross.org	Male	65.184.36.251	한글
2023.3.20	Hanny	Brandolini	hbrandolinil@macromedia.com	Female	135.155.201.10	한글
2023.9.10	Wilbur	Biner	wbinerm@cbslocal.com	Male	20.18.214.200	한글
2024.2.25	Jodee	Lambal	jlambaln@xinhuanet.com	Female	201.92.174.215	한글
2023.11.10	Maddi	Trewhela	mtrewhelao@un.org	Female	229.198.53.84	한글
2023.4.20	Anton	Morsey	amorseyp@boston.com	Male	247.184.88.86	한글
2023.8.2	Mordy	Emeney	memeneyq@chicagotribune.com	Male	122.185.7.88	한글
2023.9.14	Aron	Taggert	ataggertr@ted.com	Male	82.79.236.52	한글
2023.7.29	Shir	Dawnay	sdawnays@istockphoto.com	Female	57.248.105.10	한글
2023.5.6	Wolfie	Oakenfall	woakenfallt@nih.gov	Male	26.59.97.106	한글
2023.10.11	Phillipp	Mein	pmeinu@berkeley.edu	Male	37.25.193.7	한글
2023.3.28	Chrotoem	Dinsell	cdinsellv@europa.eu	Male	20.112.195.116	한글
2024.1.13	Brittan	Philliphs	bphilliphsw@free.fr	Female	76.61.120.212	한글
2023.5.3	Kissee	Kenryd	kkenrydx@list-manage.com	Agender	198.52.117.214	한글
2023.10.10	Ramonda	Pyatt	rpyatty@purevolume.com	Non-binary	120.95.42.82	한글
2023.7.17	Kat	McPhilemy	kmcphilemyz@nifty.com	Female	167.27.41.21	한글
2024.2.25	Betta	Ducarel	bducarel10@jugem.jp	Female	168.107.209.156	한글
2023.12.2	Casper	Royan	croyan11@bbc.co.uk	Male	91.140.159.173	한글
2023.11.26	Tobye	Lardeur	tlardeur12@cam.ac.uk	Female	253.23.93.186	한글
2023.6.2	Rozele	Oleszcuk	roleszcuk13@is.gd	Female	26.50.69.7	한글
2023.4.11	Adrianna	Shreve	ashreve14@printfriendly.com	Female	1.133.9.153	한글
2023.5.7	Lalo	Gyles	lgyles15@sakura.ne.jp	Male	182.85.80.68	한글
2024.1.18	Mel	Tassel	mtassel16@cbsnews.com	Female	77.57.188.208	한글
2023.4.6	Giraud	Peabody	gpeabody17@hatena.ne.jp	Male	143.87.56.240	한글
2023.3.26	Grantley	Iacovo	giacovo18@samsung.com	Male	182.170.12.231	한글
2023.6.16	Richie	Tollfree	rtollfree19@forbes.com	Male	193.181.108.198	한글
2023.12.25	Lucho	Payler	lpayler1a@cargocollective.com	Male	80.151.107.217	한글
2023.6.4	Harwilll	Breeder	hbreeder1b@hud.gov	Male	72.143.5.63	한글
2023.4.27	Addison	Dow	adow1c@livejournal.com	Male	5.237.105.165	한글
2023.8.4	Gloriane	Warrilow	gwarrilow1d@ameblo.jp	Female	152.85.104.64	한글